[{"divisionCode":110101,"post":"100010","divisionName":"东城区","isLeaf":0},{"divisionCode":110102,"post":"100032","divisionName":"西城区","isLeaf":0},{"divisionCode":110105,"post":"100011","divisionName":"朝阳区","isLeaf":0},{"divisionCode":110106,"post":"100071","divisionName":"丰台区","isLeaf":0},{"divisionCode":110107,"post":"100071","divisionName":"石景山区","isLeaf":0},{"divisionCode":110108,"post":"100091","divisionName":"海淀区","isLeaf":0},{"divisionCode":110109,"post":"102300","divisionName":"门头沟区","isLeaf":0},{"divisionCode":110111,"post":"102488","divisionName":"房山区","isLeaf":0},{"divisionCode":110112,"post":"101100","divisionName":"通州区","isLeaf":0},{"divisionCode":110113,"post":"101300","divisionName":"顺义区","isLeaf":0},{"divisionCode":110114,"post":"102200","divisionName":"昌平区","isLeaf":0},{"divisionCode":110115,"post":"102600","divisionName":"大兴区","isLeaf":0},{"divisionCode":110116,"post":"101400","divisionName":"怀柔区","isLeaf":0},{"divisionCode":110117,"post":"101200","divisionName":"平谷区","isLeaf":0},{"divisionCode":110228,"post":"101500","divisionName":"密云县","isLeaf":0},{"divisionCode":110229,"post":"102100","divisionName":"延庆县","isLeaf":0},{"divisionCode":110230,"post":"","divisionName":"其它区","isLeaf":1}]